{"timestamp":{"0":1675405595,"1":1675404153,"2":1675404093,"3":1675403794,"4":1675403674},"air_temperature":{"0":14.1,"1":14.3,"2":14.3,"3":14.5,"4":14.5},"barometric_pressure":{"0":1017.6,"1":1017.4,"2":1017.3,"3":1017.3,"4":1017.3},"station_pressure":{"0":1017.6,"1":1017.4,"2":1017.3,"3":1017.3,"4":1017.3},"sea_level_pressure":{"0":1021.9,"1":1021.7,"2":1021.6,"3":1021.6,"4":1021.6},"relative_humidity":{"0":38,"1":39,"2":39,"3":37,"4":37},"precip":{"0":0.0,"1":0.0,"2":0.0,"3":0.0,"4":0.0},"precip_accum_last_1hr":{"0":0.0,"1":0.0,"2":0.0,"3":0.0,"4":0.0},"precip_accum_local_day":{"0":0.0,"1":0.0,"2":0.0,"3":0.0,"4":0.0},"precip_accum_local_day_final":{"0":0.0,"1":0.0,"2":0.0,"3":0.0,"4":0.0},"precip_accum_local_yesterday":{"0":0.0,"1":0.0,"2":0.0,"3":0.0,"4":0.0},"precip_accum_local_yesterday_final":{"0":0.0,"1":0.0,"2":0.0,"3":0.0,"4":0.0},"precip_minutes_local_day":{"0":0,"1":0,"2":0,"3":0,"4":0},"precip_minutes_local_yesterday":{"0":0,"1":0,"2":0,"3":0,"4":0},"precip_minutes_local_yesterday_final":{"0":0,"1":0,"2":0,"3":0,"4":0},"precip_analysis_type_yesterday":{"0":0,"1":0,"2":0,"3":0,"4":0},"wind_avg":{"0":2.1,"1":1.3,"2":1.8,"3":2.4,"4":3.1},"wind_direction":{"0":129,"1":101,"2":105,"3":134,"4":134},"wind_gust":{"0":2.8,"1":2.2,"2":2.8,"3":3.2,"4":5.4},"wind_lull":{"0":1.4,"1":0.4,"2":1.1,"3":1.6,"4":2.1},"solar_radiation":{"0":0,"1":0,"2":0,"3":0,"4":0},"uv":{"0":0.0,"1":0.0,"2":0.0,"3":0.0,"4":0.0},"brightness":{"0":1,"1":1,"2":1,"3":1,"4":1},"lightning_strike_last_epoch":{"0":1673712116,"1":1673712116,"2":1673712116,"3":1673712116,"4":1673712116},"lightning_strike_last_distance":{"0":32,"1":32,"2":32,"3":32,"4":32},"lightning_strike_count":{"0":0,"1":0,"2":0,"3":0,"4":0},"lightning_strike_count_last_1hr":{"0":0,"1":0,"2":0,"3":0,"4":0},"lightning_strike_count_last_3hr":{"0":0,"1":0,"2":0,"3":0,"4":0},"feels_like":{"0":14.1,"1":14.3,"2":14.3,"3":14.5,"4":14.5},"heat_index":{"0":14.1,"1":14.3,"2":14.3,"3":14.5,"4":14.5},"wind_chill":{"0":14.1,"1":14.3,"2":14.3,"3":14.5,"4":14.5},"dew_point":{"0":0.0,"1":0.5,"2":0.5,"3":0.0,"4":0.0},"wet_bulb_temperature":{"0":7.6,"1":7.9,"2":7.9,"3":7.8,"4":7.8},"wet_bulb_globe_temperature":{"0":12.7,"1":13.0,"2":13.0,"3":12.9,"4":12.9},"delta_t":{"0":6.5,"1":6.4,"2":6.4,"3":6.7,"4":6.7},"air_density":{"0":1.23409,"1":1.23299,"2":1.23287,"3":1.23201,"4":1.23201},"pressure_trend":{"0":"steady","1":"steady","2":"steady","3":"steady","4":"steady"}}